Title,Link,Snippet
Jira Service Management,https://integrho.atlassian.net/servicedesk/customer/portals,Introduce tu correo electrónico para iniciar sesión o registrarte. Dirección de correo electrónico. Siguiente. Con la tecnología de Jira Service Management.
Entrar - Jira Service Management,https://atendimento-totvs.atlassian.net/servicedesk/customer/portals,Insira o e-mail para entrar ou se inscrever. Endereço de e-mail. Próximo. Desenvolvido por Jira Service Management.
Entrar - Jira Service Management,https://riachuelo.atlassian.net/servicedesk/customer/portals,Insira o e-mail para entrar ou se inscrever. Endereço de e-mail. Próximo. Desenvolvido por Jira Service Management.
Jira Service Management,https://soundunited.atlassian.net/servicedesk/customer/portals,Enter your email to log in or sign up. Email address. Powered by Jira Service Management.
Help Center - Jira Service Management - ver.atlassian.net,https://ver.atlassian.net/servicedesk/customer/portals,"{""headless"":false,""tourEnabled"":false,""wacLink"":""https://www.atlassian.com/software/jira/service-desk/powered-by?utm_medium=jira-in-product&utm_source=jira_service ..."
Jira Service Management - e-courier.atlassian.net,https://e-courier.atlassian.net/servicedesk/customer/portals,Enter your email to log in or sign up. Email address. Powered by Jira Service Management.
Jira Service Management,https://neoservicedesk.atlassian.net/servicedesk/customer/portals,Enter your email to log in or sign up. Email address. Next. Powered by Jira Service Management.
Entrar - Jira Service Management,https://cvccorp.atlassian.net/servicedesk/customer/portals,Insira o e-mail para entrar ou se inscrever. Endereço de e-mail. Próximo. Desenvolvido por Jira Service Management.
Jira Service Management - njdeptofhealth.atlassian.net,https://njdeptofhealth.atlassian.net/servicedesk/customer/portals,"{""headless"":false,""tourEnabled"":false,""wacLink"":""https://www.atlassian.com/software/jira/service-desk/powered-by?utm_medium=jira-in-product&utm_source=jira_service ..."
Service Desk SEA - Jira Service Management,https://sea.atlassian.net/servicedesk/customer/portals,Service Desk SEA - Jira Service Management. Service Desk SEA. Fazer login.
Digital Victoria Help Centre - Jira Service Management,https://digital-vic.atlassian.net/servicedesk/customer/portals,"{""xsrfToken"":""ba604cc71e6516b5b377e8c288df57656d139b95_lout"",""helpCenterBranding"":{""logoId"":"""",""isLogoAvailable"":false,""helpCenterTitle"":""Welcome to the Digital ..."
Callaway Brands Help Center - Jira Service Management,https://callawaybrands.atlassian.net/servicedesk/customer/portals,"{""xsrfToken"":""45006356586fa9e13faf1c805156faf1942027ca_lout"",""helpCenterBranding"":{""logoId"":"""",""isLogoAvailable"":false,""helpCenterTitle"":""Callaway Brands Corporate ..."
Jira Service Management - cg-support.atlassian.net,https://cg-support.atlassian.net/servicedesk/customer/portals,Caregiver Help Center - Jira Service Management. Caregiver Help Center.
Jira Service Management,https://mocssupport.atlassian.net/servicedesk/customer/portals,"{""xsrfToken"":""45a2a3f3013264e180d5ac6e3ffffe37ca3bd6e5_lout"",""helpCenterBranding"":{""logoId"":"""",""isLogoAvailable"":false,""helpCenterTitle"":""Welcome to the Help Center ..."
MIT Press Direct Support - Jira Service Management,https://mitpress.atlassian.net/servicedesk/customer/portals,MIT Press Direct Support - Jira Service Management. MIT Press Direct Support. Log in.
Simply Connect Support Desk - Jira Service Management,https://simplyconnectsolutions.atlassian.net/servicedesk/customer/portals,"{""xsrfToken"":""9c1ae9162eeae9414b2daa65e2594f87d345ee1a_lout"",""helpCenterBranding"":{""logoUrl"":""https://api.media.atlassian.com/file/7abb9146-cb8d-4dfa-a04a ..."
Netguides Service Desk - Jira Service Management,https://netguides.atlassian.net/servicedesk/customer/portals,"{""xsrfToken"":""b61ab2da1b127c8c89912f82314df9a09331ebba_lout"",""helpCenterBranding"":{""logoUrl"":""https://api.media.atlassian.com/file/8f0c7278-490a-44d6-ae4d ..."
Jira Service Management - tsb-externals.atlassian.net,https://tsb-externals.atlassian.net/servicedesk/customer/portals,"{""xsrfToken"":""5233862af987af08ef92347278e366082eb2ced9_lout"",""helpCenterBranding"":{""logoUrl"":""https://api.media.atlassian.com/file/33a8f62a-025c-41a5-9406 ..."
Allied Universal Help Center - Jira Service Management,https://cni-customersupport.atlassian.net/servicedesk/customer/portals,"{""xsrfToken"":""82f23f0550f3a6821e735ac462095c73a28c92e8_lout"",""helpCenterBranding"":{""logoUrl"":""https://api.media.atlassian.com/file/5c3f8608-90b9-46fd-aa00 ..."
Jira Service Management,https://ede-tes.atlassian.net/servicedesk/customer/portals,E/D/E Digitale Services - Jira Service Management. E/D/E Digitale Services. Einloggen.
jira.in.devexperts.com,https://jira.in.devexperts.com/servicedesk/customer/portals,jira.in.devexperts.com
Jira Service Management - massmutual.atlassian.net,https://massmutual.atlassian.net/servicedesk/customer/portals,"{""xsrfToken"":""fdd406dace69801ff9c906bc59f50504a6c26903_lout"",""helpCenterBranding"":{""logoUrl"":""https://api.media.atlassian.com/file/3f167189-487d-4f73-9323 ..."
Service Desk - New York University,https://jira.law.nyu.edu/servicedesk/customer/portals,"{""tourEnabled"":false,""wacLink"":""https://www.atlassian.com/software/jira/service-desk/powered-by?utm_medium=jira-in-product&utm_source=jira_service_desk_portal_footer ..."
greenlite Service Desk - Jira Service Management,https://greenlitevendingrequests.atlassian.net/servicedesk/customer/portals,greenlite Service Desk - Jira Service Management. greenlite Service Desk. Log in.
Jira Service Management - tennis-point.atlassian.net,https://tennis-point.atlassian.net/servicedesk/customer/portals,"Geben Sie Ihre E-Mail-Adresse ein, um sich einzuloggen oder zu registrieren. E-Mail-Adresse. Weiter. Unterstützt von Jira Service Management."
Jira Service Management - Ecosystem Jira,https://ecosystem.atlassian.net/servicedesk/customer/portals,Enter your email to log in or sign up. Email address. Powered by Jira Service Management.
Jira Service Management - input-output.atlassian.net,https://input-output.atlassian.net/servicedesk/customer/portals,Enter your email to log in or sign up. Email address. Powered by Jira Service Management.
Service Management - Nielsen,https://adlm.nielsen.com/jira/servicedesk/customer/portals,"{""tourEnabled"":false,""wacLink"":""https://www.atlassian.com/software/jira/service-management?utm_medium=jira-in-product&utm_source=jira_service_desk_portal_footer&utm ..."
Jira Service Management - uac-cloud.atlassian.net,https://uac-cloud.atlassian.net/servicedesk/customer/portals,Enter your email to log in or sign up. Email address. Next. Powered by Jira Service Management.
Jira Service Management,https://jcblivelink.atlassian.net/servicedesk/customer/portals,LiveLink Support Centre - Jira Service Management. LiveLink Support Centre. Log in.
Jira Service Management,https://ecollect.atlassian.net/servicedesk/customer/portals,Introduce tu correo electrónico para iniciar sesión o registrarte. Dirección de correo electrónico. Siguiente. Con la tecnología de Jira Service Management.
Jira Service Management - lifecyclesystems.atlassian.net,https://lifecyclesystems.atlassian.net/servicedesk/customer/portals,"{""xsrfToken"":""ac05cccb30b419cdd544c8eb5431de92648fe638_lout"",""helpCenterBranding"":{""logoUrl"":""https://api.media.atlassian.com/file/b77d17b8-0d51-4a60-be7f ..."
Jira Service Management,https://winbooks.jira.com/servicedesk/customer/portals,Enter your email to log in or sign up. Email address. Powered by Jira Service Management.
Service Management - Appalachian State University,https://jira.appstate.edu/servicedesk/customer/portals,"{""tourEnabled"":false,""wacLink"":""https://www.atlassian.com/software/jira/service-management?utm_medium=jira-in-product&utm_source=jira_service_desk_portal_footer&utm ..."
Jira Service Management,https://soporte-ti.atlassian.net/servicedesk/customer/portals,Introduce tu correo electrónico para iniciar sesión o registrarte. Dirección de correo electrónico. Siguiente. Con la tecnología de Jira Service Management.
Jira Service Management,https://thalesserviceoperations.atlassian.net/servicedesk/customer/portals,Enter your email to log in or sign up. Email address. Powered by Jira Service Management.
Jira Service Management - spotinc.atlassian.net,https://spotinc.atlassian.net/servicedesk/customer/portals,Red Tech Support Home - Jira Service Management. Red Tech Support Home.
JavaScript required - Harman International,https://jira.harman.com/jira/servicedesk/customer/portals,An error occurred. Contact your administrator for more information. Error details ...
MLS2 Service Desk - Jira Service Management,https://mls2support.atlassian.net/servicedesk/customer/portals,MLS2 Service Desk - Jira Service Management. MLS2 Service Desk. Log in.
- Jira,https://support.idalko.com/servicedesk/customer/portals,"{""contextPath"":""""} - Jira {""contextPath"":""""}"
Living Supplements - Jira Service Management,https://livingsupplements.atlassian.net/servicedesk/customer/portals,"{""xsrfToken"":""68887e19686903f1a12f863861e8d5e626983cfc_lout"",""helpCenterBranding"":{""logoUrl"":""https://api.media.atlassian.com/file/b9fb45df-828a-4e22-9484 ..."
Epic Games,https://jira.it.epicgames.com/servicedesk/customer/portals,We would like to show you a description here but the site won't allow us.
Jira Service Management - tst-it.atlassian.net,https://tst-it.atlassian.net/servicedesk/customer/portals,"{""headless"":false,""tourEnabled"":false,""wacLink"":""https://www.atlassian.com/software/jira/service-desk/powered-by?utm_medium=jira-in-product&utm_source=jira_service ..."
Jira Service Management,https://tradelinkhelpdesk.atlassian.net/servicedesk/customer/portals,"{""xsrfToken"":""56ecc733d710b499afd86f80b14bd574adad693e_lout"",""helpCenterBranding"":{""logoId"":"""",""isLogoAvailable"":false,""helpCenterTitle"":""Welcome to the Trade-link ..."
Tormach Inc. - Jira Service Management,https://tormach.atlassian.net/servicedesk/customer/portals,"{""xsrfToken"":""867e82244a5eaa8dc099c9aacd4c421f7b7406ca_lout"",""helpCenterBranding"":{""logoId"":"""",""isLogoAvailable"":false,""helpCenterTitle"":""Tormach/SprutCAM America ..."
Jira Service Management,https://integrho.atlassian.net/servicedesk/customer/portals,Introduce tu correo electrónico para iniciar sesión o registrarte. Dirección de correo electrónico. Siguiente. Con la tecnología de Jira Service Management.
Entrar - Jira Service Management,https://atendimento-totvs.atlassian.net/servicedesk/customer/portals,Insira o e-mail para entrar ou se inscrever. Endereço de e-mail. Próximo. Desenvolvido por Jira Service Management.
Entrar - Jira Service Management,https://riachuelo.atlassian.net/servicedesk/customer/portals,Insira o e-mail para entrar ou se inscrever. Endereço de e-mail. Próximo. Desenvolvido por Jira Service Management.
Jira Service Management,https://soundunited.atlassian.net/servicedesk/customer/portals,Enter your email to log in or sign up. Email address. Powered by Jira Service Management.
Help Center - Jira Service Management - ver.atlassian.net,https://ver.atlassian.net/servicedesk/customer/portals,"{""headless"":false,""tourEnabled"":false,""wacLink"":""https://www.atlassian.com/software/jira/service-desk/powered-by?utm_medium=jira-in-product&utm_source=jira_service ..."
Jira Service Management - e-courier.atlassian.net,https://e-courier.atlassian.net/servicedesk/customer/portals,Enter your email to log in or sign up. Email address. Powered by Jira Service Management.
Jira Service Management,https://neoservicedesk.atlassian.net/servicedesk/customer/portals,Enter your email to log in or sign up. Email address. Next. Powered by Jira Service Management.
Entrar - Jira Service Management,https://cvccorp.atlassian.net/servicedesk/customer/portals,Insira o e-mail para entrar ou se inscrever. Endereço de e-mail. Próximo. Desenvolvido por Jira Service Management.
Jira Service Management - njdeptofhealth.atlassian.net,https://njdeptofhealth.atlassian.net/servicedesk/customer/portals,"{""headless"":false,""tourEnabled"":false,""wacLink"":""https://www.atlassian.com/software/jira/service-desk/powered-by?utm_medium=jira-in-product&utm_source=jira_service ..."
Service Desk SEA - Jira Service Management,https://sea.atlassian.net/servicedesk/customer/portals,Service Desk SEA - Jira Service Management. Service Desk SEA. Fazer login.
Digital Victoria Help Centre - Jira Service Management,https://digital-vic.atlassian.net/servicedesk/customer/portals,"{""xsrfToken"":""ba604cc71e6516b5b377e8c288df57656d139b95_lout"",""helpCenterBranding"":{""logoId"":"""",""isLogoAvailable"":false,""helpCenterTitle"":""Welcome to the Digital ..."
Callaway Brands Help Center - Jira Service Management,https://callawaybrands.atlassian.net/servicedesk/customer/portals,"{""xsrfToken"":""45006356586fa9e13faf1c805156faf1942027ca_lout"",""helpCenterBranding"":{""logoId"":"""",""isLogoAvailable"":false,""helpCenterTitle"":""Callaway Brands Corporate ..."
Jira Service Management - cg-support.atlassian.net,https://cg-support.atlassian.net/servicedesk/customer/portals,Caregiver Help Center - Jira Service Management. Caregiver Help Center.
Jira Service Management,https://mocssupport.atlassian.net/servicedesk/customer/portals,"{""xsrfToken"":""45a2a3f3013264e180d5ac6e3ffffe37ca3bd6e5_lout"",""helpCenterBranding"":{""logoId"":"""",""isLogoAvailable"":false,""helpCenterTitle"":""Welcome to the Help Center ..."
MIT Press Direct Support - Jira Service Management,https://mitpress.atlassian.net/servicedesk/customer/portals,MIT Press Direct Support - Jira Service Management. MIT Press Direct Support. Log in.
Service Desk - Org,https://helpdesk.wgbh.org/servicedesk/customer/portals,"{""tourEnabled"":false,""wacLink"":""https://www.atlassian.com/software/jira/service-desk/powered-by?utm_medium=jira-in-product&utm_source=jira_service_desk_portal_footer ..."
Jira Service Management,https://felician.atlassian.net/servicedesk/customer/portals,"{""xsrfToken"":""2ddf7d9c6c90749935e82fa9f35e2895d43841c5_lout"",""helpCenterBranding"":{""logoId"":"""",""isLogoAvailable"":false,""helpCenterTitle"":""Welcome to the Felician IT ..."
Jira Service Management - DIO,https://digitalinnovationone.atlassian.net/servicedesk/customer/portals,"{""xsrfToken"":""7421a00108a4e2ba8cdc71702bef21b1ff825d9d_lout"",""helpCenterBranding"":{""logoUrl"":""https://api.media.atlassian.com/file/a0bb283c-d0f9-4240-b997 ..."
Accedi - Jira Service Management,https://foxwall.atlassian.net/servicedesk/customer/portals,"{""headless"":false,""tourEnabled"":false,""wacLink"":""https://www.atlassian.com/software/jira/service-desk/powered-by?utm_medium=jira-in-product&utm_source=jira_service ..."
Entrar - Jira Service Management,https://vindibr.atlassian.net/servicedesk/customer/portals,Insira o e-mail para entrar ou se inscrever. Endereço de e-mail. Próximo. Desenvolvido por Jira Service Management.
Jira Service Management - nextech.atlassian.net,https://nextech.atlassian.net/servicedesk/customer/portals,"{""xsrfToken"":""2b85933a7e7b0ddfe335d43f27923085346d6401_lout"",""helpCenterBranding"":{""logoId"":"""",""isLogoAvailable"":false,""helpCenterTitle"":""Welcome to the Help Center ..."
Jira Service Management - cognillo.atlassian.net,https://cognillo.atlassian.net/servicedesk/customer/portals,"{""xsrfToken"":""8345b27caa9f4285c3275a7f8ac9c95427b7f1d8_lout"",""helpCenterBranding"":{""logoUrl"":""https://api.media.atlassian.com/file/de493345-bbe0-498a-af3a ..."
Jira Service Management - nng-npss.atlassian.net,https://nng-npss.atlassian.net/servicedesk/customer/portals,Enter your email to log in or sign up. Email address. Powered by Jira Service Management.
Jira Service Management - eparconnect.atlassian.net,https://eparconnect.atlassian.net/servicedesk/customer/portals,"{""xsrfToken"":""339a763c883fc282a1ec9ca409e9505fbab33876_lout"",""helpCenterBranding"":{""logoUrl"":""/rest/servicedesk/1/customer/viewport-resources/image"",""logoId"":""6 ..."
Rolka Loube Service Portal - Jira Service Management,https://rolkaloube.atlassian.net/servicedesk/customer/portals,"{""xsrfToken"":""3b4cf8b81c027e0dd7819406c0adce9d9c0f7029_lout"",""helpCenterBranding"":{""logoId"":"""",""isLogoAvailable"":false,""helpCenterTitle"":""Welcome to the Rolka Loube ..."
Jira Service Management - Projects,https://innovura.atlassian.net/servicedesk/customer/portals,"{""xsrfToken"":""e33fbe5929bad8448b2fd80314ee23f20710b7dd_lout"",""helpCenterBranding"":{""logoUrl"":""https://api.media.atlassian.com/file/3058fdb8-77c9-471a-92eb ..."
Jira Service Management - instech.atlassian.net,https://instech.atlassian.net/servicedesk/customer/portals,"{""xsrfToken"":""11d9609206df9a41c6e3cc5feea3c2d767b3735d_lout"",""helpCenterBranding"":{""logoUrl"":""https://api.media.atlassian.com/file/183495e8-d871-4bce-820b ..."
Jira Service Management - tt-annarbor.atlassian.net,https://tt-annarbor.atlassian.net/servicedesk/customer/portals,"{""headless"":false,""tourEnabled"":false,""wacLink"":""https://www.atlassian.com/software/jira/service-desk/powered-by?utm_medium=jira-in-product&utm_source=jira_service ..."
Jira Service Management - Verint,https://presalescommunity.verint.com/servicedesk/customer/portals,Solution Sales Help Center - Jira Service Management. Solution Sales Help Center. Log in.
Healthdirect Service Line - Jira Service Management,https://healthdirect-serviceline.atlassian.net/servicedesk/customer/portals,Healthdirect Service Line - Jira Service Management. Healthdirect Service Line. Log in.
Vodacom Mozambique - Jira Service Management,https://vodacommozambique.atlassian.net/servicedesk/customer/portals,"{""xsrfToken"":""3ac60c355912dd70835e4611a2e6f6208a328269_lout"",""helpCenterBranding"":{""logoUrl"":""https://api.media.atlassian.com/file/d94e1a58-3382-4c6e-ae67 ..."
Jira Service Management,https://agenceduservicecivique.atlassian.net/servicedesk/customer/portals,"{""xsrfToken"":""0079fb0f1c29e4c36132943512054788f53e1946_lout"",""helpCenterBranding"":{""logoUrl"":""https://api.media.atlassian.com/file/456c9ab0-ce03-4d62-9c51 ..."
Jira Service Management,https://tecnostral.atlassian.net/servicedesk/customer/portals,"{""xsrfToken"":""8892099f117fce4950fee9315ccb1acbfc1abbc2_lout"",""helpCenterBranding"":{""logoUrl"":""https://api.media.atlassian.com/file/8e1efc2b-70de-4e44-be6c ..."
Jira Service Management,https://british-airways-ndc-helpdesk.atlassian.net/servicedesk/customer/portals,"{""xsrfToken"":""026a08c696da726f85d604fa378556f5db60dd04_lout"",""helpCenterBranding"":{""logoUrl"":""https://api.media.atlassian.com/file/8e3bc0f5-e255-431a-ac9f ..."
Jira Service Management,https://fsufoundation.atlassian.net/servicedesk/customer/portals,Enter your email to log in or sign up. Email address. Powered by Jira Service Management.
Jira Service Management,https://cdrservicemanagement.atlassian.net/servicedesk/customer/portals,Enter your email to log in or sign up. Email address. Powered by Jira Service Management.
Jira Service Management - helpdesk-docuware.atlassian.net,https://helpdesk-docuware.atlassian.net/servicedesk/customer/portals,Enter your email to log in or sign up. Email address. Next. Powered by Jira Service Management.
HelpDesk - Jira Service Management,https://helpdeskmx.atlassian.net/servicedesk/customer/portals,"{""xsrfToken"":""4682e52795a1e53ce2722cc841e314d6174a1813_lout"",""helpCenterBranding"":{""logoUrl"":""https://api.media.atlassian.com/file/0dbd68de-d252-4f46-bf82 ..."
Jira Service Management - enasco.atlassian.net,https://enasco.atlassian.net/servicedesk/customer/portals,"{""xsrfToken"":""87a9f34234bde072477cf9cf83196ac83e12bdd6_lout"",""helpCenterBranding"":{""logoUrl"":""https://api.media.atlassian.com/file/2cfdca9f-d1dd-4f39-ad6c ..."
Jira Service Management - cbcrc-distribution.atlassian.net,https://cbcrc-distribution.atlassian.net/servicedesk/customer/portals,"{""xsrfToken"":""19cb4710a33d38a0b91c1262e91974ae4ba3b9ae_lout"",""helpCenterBranding"":{""logoUrl"":""https://api.media.atlassian.com/file/e232aff9-9e00-4f09-a618 ..."
Jira Service Management - inspacesoftware.atlassian.net,https://inspacesoftware.atlassian.net/servicedesk/customer/portals,"{""xsrfToken"":""ee6e91b0860ca8f9fbe373d9da85e47a62f3793a_lout"",""helpCenterBranding"":{""logoUrl"":""https://api.media.atlassian.com/file/f428ee3b-9be7-4e6d-8eb1 ..."
Jira Service Management - rev-trac.atlassian.net,https://rev-trac.atlassian.net/servicedesk/customer/portals,Enter your email to log in or sign up. Powered by Jira Service Management.
Notitia Helpdesk - Jira Service Management,https://notitia.atlassian.net/servicedesk/customer/portals,"{""xsrfToken"":""2066112e512679a0c591d5c23a6e165849258f7d_lout"",""helpCenterBranding"":{""logoId"":"""",""isLogoAvailable"":false,""helpCenterTitle"":""Welcome to Notitia's ..."
pcvisit Service-Portal - Jira Service Management,https://pcvisit.atlassian.net/servicedesk/customer/portals,"{""xsrfToken"":""6e41ec85217574487a2741603a6e3a920b443da7_lout"",""helpCenterBranding"":{""logoUrl"":""https://api.media.atlassian.com/file/c3b71c32-eab8-4956-82da ..."
AGR Service Desk - Jira Service Management,https://agrinventory.atlassian.net/servicedesk/customer/portals,"{""xsrfToken"":""1e843e42167dc55334e935ad0a73c9732f15831a_lout"",""helpCenterBranding"":{""logoUrl"":""https://api.media.atlassian.com/file/7b852769-3987-4ef8-9d0a ..."
Service Management - App4Legal,https://collaboration.app4legal.com/servicedesk/customer/portals,"{""tourEnabled"":false,""wacLink"":""https://www.atlassian.com/software/jira/service-management?utm_medium=jira-in-product&utm_source=jira_service_desk_portal_footer&utm ..."
ASD Help Center - Jira Service Management,https://asdhelp.atlassian.net/servicedesk/customer/portals,"{""xsrfToken"":""2aa0cf0b08a4252e746bb78f830c95151f3db81f_lout"",""helpCenterBranding"":{""logoId"":"""",""isLogoAvailable"":false,""helpCenterTitle"":""Welcome to the ASD Student ..."
Service Management - Isdin,https://jira.isdin.com/servicedesk/customer/portals,"{""tourEnabled"":false,""wacLink"":""https://www.atlassian.com/software/jira/service-management?utm_medium=jira-in-product&utm_source=jira_service_desk_portal_footer&utm ..."
Jira Service Management,https://usfjira.atlassian.net/servicedesk/customer/portals,"{""xsrfToken"":""9d6b0564fa2882e8fe2a0caedefdf13b297c0a19_lout"",""helpCenterBranding"":{""logoId"":"""",""isLogoAvailable"":false,""helpCenterTitle"":""Welcome to the USF Help ..."
Avisi App Support - Jira Service Management,https://avisi-support.atlassian.net/servicedesk/customer/portals,"{""xsrfToken"":""78880e26f058873619b4d950a98f01c516801bf0_lout"",""helpCenterBranding"":{""logoUrl"":""https://api.media.atlassian.com/file/2aa408bc-0df5-46ba-ba87 ..."
Entrar - Jira Service Management,https://autodoc.atlassian.net/servicedesk/customer/portals,Insira o e-mail para entrar ou se inscrever. Endereço de e-mail. Próximo. Desenvolvido por Jira Service Management.
Anmeldung - Jira Service Management,https://gematik.atlassian.net/servicedesk/customer/portals,"Geben Sie Ihre E-Mail-Adresse ein, um sich einzuloggen oder zu registrieren. E-Mail-Adresse. Weiter. Unterstützt von Jira Service Management."
Jira Service Management,https://ltp.atlassian.net/servicedesk/customer/portals,"{""xsrfToken"":""d8e0fa023a17bfe5effe37c679a286a48e2c5309_lout"",""helpCenterBranding"":{""logoId"":"""",""isLogoAvailable"":false,""helpCenterTitle"":""Bienvenido a la Mesa de ..."
Jira Service Management - uwaterloo.atlassian.net,https://uwaterloo.atlassian.net/servicedesk/customer/portals,Enter your email to log in or sign up. Email address. Powered by Jira Service Management.
Support - Jira Service Management,https://builddata.atlassian.net/servicedesk/customer/portals,"{""xsrfToken"":""14cb2fab49824b140e71b9a529d9405b77f9f253_lout"",""helpCenterBranding"":{""logoUrl"":""https://api.media.atlassian.com/file/160e468f-38a9-4485-ab91 ..."
Service Management - Save the Children Italia,https://servicedesk.savethechildren.it/servicedesk/customer/portals,"{""xsrfToken"":""BCTO-8M5Q-OCCE-66C0_a0044b8c614e42dc8caaf46a72be7a05cfc1c055_lout"",""helpCenterBranding"":{""bannerUrl"":""/rest/servicedesk/1/bannerImage?1585588298180 ..."
Clepher Help Center - Jira Service Management,https://clepher.atlassian.net/servicedesk/customer/portals,"{""xsrfToken"":""625121a8682170a5b2d2a905426b7ae8640612d1_lout"",""helpCenterBranding"":{""logoUrl"":""https://api.media.atlassian.com/file/7bcd3373-6551-4dc8-a541 ..."
Jira Service Management - nng-npss.atlassian.net,https://nng-npss.atlassian.net/servicedesk/customer/portals,Enter your email to log in or sign up. Email address. Powered by Jira Service Management.
Jira Service Management - youfit.atlassian.net,https://youfit.atlassian.net/servicedesk/customer/portals,"{""xsrfToken"":""847b1c5b3e7faaddde993871dd7c05cfca70ab73_lout"",""helpCenterBranding"":{""logoUrl"":""https://api.media.atlassian.com/file/4a8b98a4-94c7-47da-839b ..."
Jira Service Management,https://airasia.atlassian.net/servicedesk/customer/portals,Enter your email to log in or sign up. Email address. Next. Powered by Jira Service Management.
Jira Service Management - erpsupport.atlassian.net,https://erpsupport.atlassian.net/servicedesk/customer/portals,"{""xsrfToken"":""4cfe2d754c38ec81e5fc3932ccbaef0106778358_lout"",""helpCenterBranding"":{""logoId"":"""",""isLogoAvailable"":false,""helpCenterTitle"":""Welcome to ..."
Postbank,https://jira.postbank.bg/servicedesk/customer/portals,We would like to show you a description here but the site won't allow us.
CPR - Jira Service Management,https://cprservicedesk.atlassian.net/servicedesk/customer/portals?q=,"{""xsrfToken"":""f07a3638ad7801f89555b02c240a086ec356f15a_lout"",""helpCenterBranding"":{""logoUrl"":""https://api.media.atlassian.com/file/1871b877-334b-469e-a877 ..."
Jira Service Management,https://simplesystem.atlassian.net/servicedesk/customer/portals,"{""xsrfToken"":""fc205e30d947d28e7493487f9bf34af870967e1b_lout"",""helpCenterBranding"":{""logoUrl"":""https://api.media.atlassian.com/file/e66d9bd1-3e38-4c3a-8c7b ..."
Jira Service Management - oat-sa.atlassian.net,https://oat-sa.atlassian.net/servicedesk/customer/portals,Enter your email to log in or sign up. Email address. Powered by Jira Service Management.
Jira Service Management - hobly-support.atlassian.net,https://hobly-support.atlassian.net/servicedesk/customer/portals,"{""xsrfToken"":""a2c5708a00e508b8a5cd965997759d8827fa35c4_lout"",""helpCenterBranding"":{""logoUrl"":""https://api.media.atlassian.com/file/c647495f-bc8a-407a-9443 ..."
Jira Service Management,https://jira-tcesc.atlassian.net/servicedesk/customer/portals.,"{""xsrfToken"":""044263cf8e9be558034cc49e5c9d8163f9b8091d_lout"",""helpCenterBranding"":{""logoUrl"":""https://api.media.atlassian.com/file/9bf0af8e-743b-4490-98e1 ..."
Jira Service Management - propertiesonline.atlassian.net,https://propertiesonline.atlassian.net/servicedesk/customer/portals,"{""xsrfToken"":""5a7738d1c7a6286d749cd2bd583c27e6f77a0eb3_lout"",""helpCenterBranding"":{""logoId"":"""",""isLogoAvailable"":false,""helpCenterTitle"":""Search our Knowledge Base ..."
Jira Service Management - ateofinance.atlassian.net,https://ateofinance.atlassian.net/servicedesk/customer/portals,"{""xsrfToken"":""88e2efda1a33c559eed5a79065669d28d488e53a_lout"",""helpCenterBranding"":{""logoUrl"":""https://api.media.atlassian.com/file/72d946c4-1eb9-43e9-b38c ..."
Jira Service Management,https://auntbertha.atlassian.net/servicedesk/customer/portals,findhelp Support Portal - Jira Service Management. findhelp Support Portal. Log in.
Adweb Software - Jira Service Management,https://adwebsoftware.atlassian.net/servicedesk/customer/portals,"{""xsrfToken"":""ca62aee7f9be222fbd7f7e7a9621803f14cb0cd8_lout"",""helpCenterBranding"":{""logoId"":"""",""isLogoAvailable"":false,""helpCenterTitle"":""Welcome to the Adweb ..."
Jira Service Management - hotelsuppliesgroup.atlassian.net,https://hotelsuppliesgroup.atlassian.net/servicedesk/customer/portals,"{""xsrfToken"":""86c37d152b6b0acf9ab17ee761682046cfda1bcc_lout"",""helpCenterBranding"":{""logoUrl"":""https://api.media.atlassian.com/file/da677679-f874-4dbd-b358 ..."
Jira Service Management - ithitcorp.atlassian.net,https://ithitcorp.atlassian.net/servicedesk/customer/portals,"{""xsrfToken"":""a9a6c832a6b0ee4f87a2e6e0d2defecbc5f0e742_lout"",""helpCenterBranding"":{""logoId"":"""",""isLogoAvailable"":false,""helpCenterTitle"":""Welcome to the Help Center ..."
Jira Service Management,https://mumosystems.atlassian.net/servicedesk/customer/portals,"{""xsrfToken"":""a9526171ac4f9fe39703f0e96b92887b11999300_lout"",""helpCenterBranding"":{""logoUrl"":""https://api.media.atlassian.com/file/858f7a9b-1f10-4b98-868b ..."
Jira Service Management - stepashka.atlassian.net,https://stepashka.atlassian.net/servicedesk/customer/portals,"{""xsrfToken"":""25d902d78a09583dad125d243c12a63073536659_lout"",""helpCenterBranding"":{""logoId"":"""",""isLogoAvailable"":false,""helpCenterTitle"":""Welcome to the Help Center ..."
Atlassway Help Center - Jira Service Management,https://atlassway.atlassian.net/servicedesk/customer/portals,"{""xsrfToken"":""8c7804ae072a0546f26918ac4f1379832f7e5605_lout"",""helpCenterBranding"":{""logoUrl"":""https://api.media.atlassian.com/file/b57c4c37-70f1-4dc3-85cc ..."
Jira Service Management,https://lsfcloud.atlassian.net/servicedesk/customer/portals,Introduce tu correo electrónico para iniciar sesión o registrarte. Dirección de correo electrónico. Siguiente. Con la tecnología de Jira Service Management.
Appsvio Help Center - Jira Service Management,https://appsvio.atlassian.net/servicedesk/customer/portals,Appsvio Help Center - Jira Service Management. Appsvio Help Center. Log in.
Jira Service Management - it-lab.atlassian.net,https://it-lab.atlassian.net/servicedesk/customer/portals,"{""xsrfToken"":""0839aac8e3a6aca4659ba3ea8850af166594e25d_lout"",""helpCenterBranding"":{""logoId"":"""",""isLogoAvailable"":false,""helpCenterTitle"":""Welcome to the Help Center ..."
Jira Service Management,https://nortalag.atlassian.net/servicedesk/customer/portals,"{""xsrfToken"":""791e4f7b5272c3a47860a4a89dad0614f25602e1_lout"",""helpCenterBranding"":{""logoUrl"":""https://api.media.atlassian.com/file/c567b850-6f66-4c03-9f9e ..."
Jira Service Management - gogosoon-accounts.atlassian.net,https://gogosoon-accounts.atlassian.net/servicedesk/customer/portals,"{""xsrfToken"":""faed605893cc7d1f98ae4963c000ff852fcb7658_lout"",""helpCenterBranding"":{""logoUrl"":""https://api.media.atlassian.com/file/f8f97da7-1a77-4e0e-8960 ..."
Jira Service Management - quisapps.atlassian.net,https://quisapps.atlassian.net/servicedesk/customer/portals,"{""xsrfToken"":""77296d9db0a21ee2b5664261a10940f782a06c61_lout"",""helpCenterBranding"":{""logoUrl"":""https://api.media.atlassian.com/file/39a76860-5ea0-4523-804a ..."
PreVeil Support Desk - Jira Service Management,https://preveil.atlassian.net/servicedesk/customer/portals,"{""headless"":false,""tourEnabled"":false,""wacLink"":""https://www.atlassian.com/software/jira/service-desk/powered-by?utm_medium=jira-in-product&utm_source=jira_service ..."
Jira Service Management - passendo.atlassian.net,https://passendo.atlassian.net/servicedesk/customer/portals,"{""xsrfToken"":""26651454755f9950c1315cd4fad6fc77f7fcaa8a_lout"",""helpCenterBranding"":{""logoUrl"":""https://api.media.atlassian.com/file/5abe7fba-5e1c-4bf5-9de1 ..."
Yarado Customer Service Center - Jira Service Management,https://yarado.atlassian.net/servicedesk/customer/portals,Yarado Customer Service Center - Jira Service Management. Yarado Customer Service Center.
Support - Jira Service Management,https://zutec.atlassian.net/servicedesk/customer/portals,"{""xsrfToken"":""460fe76c904d8b5a647e619da8b948295ba62368_lout"",""helpCenterBranding"":{""logoUrl"":""https://api.media.atlassian.com/file/160e468f-38a9-4485-ab91 ..."
Jira Service Management - corvium.atlassian.net,https://corvium.atlassian.net/servicedesk/customer/portals,Neogen Support Center - Jira Service Management. Neogen Support Center. Log in.
Fulstech Help Center - Jira Service Management,https://fulstech.atlassian.net/servicedesk/customer/portals,Fulstech Help Center - Jira Service Management. Fulstech Help Center. Log in.
Jira Service Management - agile-innovations.atlassian.net,https://agile-innovations.atlassian.net/servicedesk/customer/portals,"{""xsrfToken"":""43ed97d53d80b5d74066892020a9164440932fff_lout"",""helpCenterBranding"":{""logoId"":"""",""isLogoAvailable"":false,""helpCenterTitle"":""Welcome to the Agile ..."
Jira Service Management - loyalfoundry.atlassian.net,https://loyalfoundry.atlassian.net/servicedesk/customer/portals,"{""xsrfToken"":""99da8a05ba8291f39b15d97dbfb35b3747bfbada_lout"",""helpCenterBranding"":{""logoUrl"":""https://api.media.atlassian.com/file/67b6cb18-bad0-4633-8a3f ..."
codeclou Support - Jira Service Management,https://codeclou-support.atlassian.net/servicedesk/customer/portals,"{""xsrfToken"":""b7b53ee8cce92de83d8f2faf3f4cdf74205fc843_lout"",""helpCenterBranding"":{""logoUrl"":""https://api.media.atlassian.com/file/8a213502-c56a-4083-a7c6 ..."
Chinese Support Platform - Jira Service Management,https://softwaretao.atlassian.net/servicedesk/customer/portals,"{""headless"":false,""tourEnabled"":false,""wacLink"":""https://www.atlassian.com/software/jira/service-desk/powered-by?utm_medium=jira-in-product&utm_source=jira_service ..."
Jira Service Management - Omeda,https://omeda.atlassian.net/servicedesk/customer/portals,"Welcome to your updated Omeda CLOUD Support Portal. Log in with your email and existing password. NOTE: You might have to validate your email upon your first login. Please whitelist ""jira@omeda.atlassian.net"" to ensure receiving notifications from the new Cloud Portal."
Jira Service Management - acaprojects.atlassian.net,https://acaprojects.atlassian.net/servicedesk/customer/portals,"{""xsrfToken"":""81527dd133ab5d22dbc88fca9dbe45b769b735aa_lout"",""helpCenterBranding"":{""logoUrl"":""https://api.media.atlassian.com/file/090a784b-f181-49b8-81da ..."
Jira Service Management - ouster.atlassian.net,https://ouster.atlassian.net/servicedesk/customer/portals,"{""xsrfToken"":""fa73c5bc84fd7bc2821151c19253fa5695d84feb_lout"",""helpCenterBranding"":{""logoId"":"""",""isLogoAvailable"":false,""helpCenterTitle"":""Welcome to the Help Center ..."
Jira Service Management - is-software.atlassian.net,https://is-software.atlassian.net/servicedesk/customer/portals,"Geben Sie Ihre E-Mail-Adresse ein, um sich einzuloggen oder zu registrieren. E-Mail-Adresse. Weiter. Unterstützt von Jira Service Management."
Jira Service Management,https://hermanmiller.atlassian.net/servicedesk/customer/portals,"{""xsrfToken"":""99fcaf3fd19332e5a4eee108e522a79dc2c89207_lout"",""helpCenterBranding"":{""logoUrl"":""https://api.media.atlassian.com/file/dac961e5-2c87-4101-adb8 ..."
Jira Service Management,https://bizjournals.atlassian.net/servicedesk/customer/portals,Enter your email to log in or sign up. Email address. Powered by Jira Service Management.
Service Management,https://helpdesk.valpo.edu/servicedesk/customer/portals,"{""tourEnabled"":false,""wacLink"":""https://www.atlassian.com/software/jira/service-management?utm_medium=jira-in-product&utm_source=jira_service_desk_portal_footer&utm ..."
The Things Industries Support - Jira Service Management,https://thethingsindustries.atlassian.net/servicedesk/customer/portals,The Things Industries Support - Jira Service Management. The Things Industries Support.
Maxion Knowledge - Jira Service Management,https://maxion.atlassian.net/servicedesk/customer/portals,"{""xsrfToken"":""b95421556ffc2f95eba527941ef89817b68bef69_lout"",""helpCenterBranding"":{""logoUrl"":""https://api.media.atlassian.com/file/dab6191c-55f2-4540-a27f ..."
Jira Service Management - Projects,https://qpssoftware.atlassian.net/servicedesk/customer/portals,Enter your email to log in or sign up. Email address. Powered by Jira Service Management.
Jira Service Management - mariapps.atlassian.net,https://mariapps.atlassian.net/servicedesk/customer/portals,"{""xsrfToken"":""9f0402f87a275dd8fcff6074f910ff90a4b5ee00_lout"",""helpCenterBranding"":{""logoUrl"":""https://api.media.atlassian.com/file/27700ebe-35af-411b-81b9 ..."
Jira Service Management - cni-dataservices.atlassian.net,https://cni-dataservices.atlassian.net/servicedesk/customer/portals,Enter your email to log in or sign up. Email address. Powered by Jira Service Management.
Jira Service Management,https://actionlife.atlassian.net/servicedesk/customer/portals,"{""xsrfToken"":""2ed4a28d72718febd96b8a6227cf46f1cb08bb1d_lout"",""helpCenterBranding"":{""logoUrl"":""https://api.media.atlassian.com/file/20979122-6d91-4bee-a823 ..."
Jira Service Management - xtm-cloud.atlassian.net,https://xtm-cloud.atlassian.net/servicedesk/customer/portals,Enter your email to log in or sign up. Email address. Next. Powered by Jira Service Management.
Jira Service Management - uwaterloo.atlassian.net,https://uwaterloo.atlassian.net/servicedesk/customer/portals,Enter your email to log in or sign up. Email address. Powered by Jira Service Management.
Jira Service Management - cg-support.atlassian.net,https://cg-support.atlassian.net/servicedesk/customer/portals,Caregiver Help Center - Jira Service Management. Caregiver Help Center.
Jira Service Management,https://itretail.atlassian.net/servicedesk/customer/portals,"{""xsrfToken"":""84d3bd548b048943896946592570f90bac92a15f_lout"",""helpCenterBranding"":{""logoUrl"":""https://api.media.atlassian.com/file/9cab54d0-7bab-4685-aff1 ..."
Jira Service Management,https://priceindustries.atlassian.net/servicedesk/customer/portals,Enter your email to log in or sign up. Email address. Powered by Jira Service Management.
Freddy's Service Desks - Jira Service Management,https://freddysusa.atlassian.net/servicedesk/customer/portals,Freddy's Service Desks - Jira Service Management. Freddy's Service Desks.
Jira Service Management - mbpartners.atlassian.net,https://mbpartners.atlassian.net/servicedesk/customer/portals,Centrum obsługi klienta - Jira Service Management. Centrum obsługi klienta.
Jira Service Management,https://usaintlouis.atlassian.net/servicedesk/customer/portals,"{""xsrfToken"":""eb54da0903f6e425100eda01b26c49fe783f61a6_lout"",""helpCenterBranding"":{""logoUrl"":""https://api.media.atlassian.com/file/258095dc-959e-481d-887a ..."
Service Management - Telstra Health,https://jira.telstrahealth.com/servicedesk/customer/portals,Keep me logged in. Forgot your password? Sign up for an account. Powered by Jira Service Management.
Jira Service Management - support-tech.atlassian.net,https://support-tech.atlassian.net/servicedesk/customer/portals,Enter your email to log in or sign up. Email address. Next. Powered by Jira Service Management.
Jira Service Management,https://ovotech.atlassian.net/servicedesk/customer/portals,"{""xsrfToken"":""7940870aa8af9ad53c714171a6b36b94fab087e3_lout"",""helpCenterBranding"":{""logoUrl"":""https://api.media.atlassian.com/file/60644a55-2c4f-43ad-a88a ..."
Jira Service Management - dgamerstudio.atlassian.net,https://dgamerstudio.atlassian.net/servicedesk/customer/portals,"{""xsrfToken"":""e85ceff83f902b23fc4ac9eb0894453a29c90157_lout"",""helpCenterBranding"":{""logoUrl"":""https://api.media.atlassian.com/file/53ceaec3-46c8-49e9-a3eb ..."
Rocketfarm Support - Jira Service Management,https://rocketfarm.atlassian.net/servicedesk/customer/portals,"{""headless"":false,""tourEnabled"":false,""wacLink"":""https://www.atlassian.com/software/jira/service-desk/powered-by?utm_medium=jira-in-product&utm_source=jira_service ..."
Jira Service Management,https://youraspire.atlassian.net/servicedesk/customer/portals,"{""xsrfToken"":""d3ffc8dbe2151fa827824ee7452a7d744f42235b_lout"",""helpCenterBranding"":{""logoUrl"":""https://api.media.atlassian.com/file/689595a4-9982-4317-ae0b ..."
Jira Service Management,https://commercetools.atlassian.net/servicedesk/customer/portals,"{""xsrfToken"":""a69a9e2a9d081cc98ff4a0880411167b4007e241_lout"",""helpCenterBranding"":{""logoUrl"":""https://api.media.atlassian.com/file/edb18fbd-baeb-4f6b-b48a ..."
Jira Service Management,https://thl-digital.atlassian.net/servicedesk/customer/portals,"{""xsrfToken"":""9722c8eb3faa63e1babe2aa186c50b4a157f92f6_lout"",""helpCenterBranding"":{""logoUrl"":""https://api.media.atlassian.com/file/069bc546-a5a3-47e5-a96b ..."
Jira 365 Service Desk - Jira Service Management,https://365retailmarkets.atlassian.net/servicedesk/customer/portals,"{""xsrfToken"":""4dc2294f4ed437d2e4d4f58d83ea3ee617a6cf9c_lout"",""helpCenterBranding"":{""logoId"":"""",""isLogoAvailable"":false,""helpCenterTitle"":""Welcome!"",""sharedPortalName ..."
Kensium Support Portal - Jira Service Management,https://kensium.atlassian.net/servicedesk/customer/portals,Kensium Support Portal - Jira Service Management. Kensium Support Portal.
Jira Service Management,https://totally.atlassian.net/servicedesk/customer/portals,"{""xsrfToken"":""e37cb72554f0e532895c3471ee98458c6a1f2514_lout"",""helpCenterBranding"":{""logoUrl"":""https://api.media.atlassian.com/file/31a0c37b-ba61-4a80-aa90 ..."
Accedi - Jira Service Management,https://dronesd.atlassian.net/servicedesk/customer/portals,Inserisci il tuo indirizzo e-mail per accedere o registrarti. Indirizzo e-mail. Avanti. Con tecnologia Jira Service Management.
BB Staff Support Ticket Portal - Jira Service Management,https://bbihelpdesk.atlassian.net/servicedesk/customer/portals,BB Staff Support Ticket Portal - Jira Service Management. BB Staff Support Ticket Portal.
Entrar - Jira Service Management,https://autodoc.atlassian.net/servicedesk/customer/portals,Insira o e-mail para entrar ou se inscrever. Endereço de e-mail. Próximo. Desenvolvido por Jira Service Management.
Trundl - Jira Service Management,https://trundl.atlassian.net/servicedesk/customer/portals,"{""xsrfToken"":""8d1d8f8255417ace10f794afa7271b432c0b4012_lout"",""helpCenterBranding"":{""logoUrl"":""https://api.media.atlassian.com/file/223cf79c-0d3f-42f6-ae2f ..."
Federal Judiciary Help Center - Jira Service Management,https://oscar-uscourts.atlassian.net/servicedesk/customer/portals,Federal Judiciary Help Center - Jira Service Management. Federal Judiciary Help Center.
Jira Service Management - Confluence,https://zenuml.atlassian.net/servicedesk/customer/portals,"{""xsrfToken"":""41f1c5c1e231f3506611285deca9120d4cc9453d_lout"",""helpCenterBranding"":{""logoUrl"":""https://api.media.atlassian.com/file/d503fe7e-63c5-4a46-b65c ..."
Jira Service Management,https://nesdigital.atlassian.net/servicedesk/customer/portals,"{""xsrfToken"":""7f8c6c48949dcc194d120ff26f5e2e0cc7f8f541_lout"",""helpCenterBranding"":{""logoId"":"""",""isLogoAvailable"":false,""helpCenterTitle"":""Welcome to the NES Service ..."
Lyris IT - Jira Service Management,https://soporte-lyris.atlassian.net/servicedesk/customer/portals,"{""xsrfToken"":""afd062251a10c1f77c10833de6fdae48714c8c20_lout"",""helpCenterBranding"":{""logoUrl"":""https://api.media.atlassian.com/file/f840351c-db53-4ad4-a749 ..."
Jira Service Management,https://work-fusion.atlassian.net/servicedesk/customer/portals,"{""xsrfToken"":""fbed8fe7a0847d9a67bddf139946f08fe6a78eb0_lout"",""helpCenterBranding"":{""logoUrl"":""https://api.media.atlassian.com/file/2b9dbf76-4cdf-4a0f-978e ..."
Jira Service Management - Appfire,https://appfire.atlassian.net/servicedesk/customer/portals,"{""xsrfToken"":""191078bf36703ccdb1c9b3031d79ae7c4e01824b_lout"",""helpCenterBranding"":{""logoUrl"":""https://api.media.atlassian.com/file/28dc9063-0502-4007-9496 ..."
maxgeo - Jira Service Management,https://maxgeo.atlassian.net/servicedesk/customer/portals,"{""xsrfToken"":""b3656c223e31897a1b0d8ced8bef292317d45b1d_lout"",""helpCenterBranding"":{""logoId"":"""",""isLogoAvailable"":false,""helpCenterTitle"":""."",""sharedPortalName ..."
System Dashboard - Linux Foundation JIRA,https://jira.linuxfoundation.org/servicedesk/customer/portals,"SAML POST Binding Since your browser does not support JavaScript, you must press the Continue button once to proceed."
Service Management - Islamic Development Bank,https://act.isdb.org/servicedesk/customer/portals,"{""tourEnabled"":false,""wacLink"":""https://www.atlassian.com/software/jira/service-management?utm_medium=jira-in-product&utm_source=jira_service_desk_portal_footer&utm ..."
Jira Service Management,https://aocresins.atlassian.net/servicedesk/customer/portals/,"{""xsrfToken"":""cd3d3972ea93d472ef9f3d04a3d18b4b3c89c334_lout"",""helpCenterBranding"":{""logoUrl"":""https://api.media.atlassian.com/file/a31e81e3-0bde-40e4-9a15 ..."
Jira Service Management - Confluence,https://riversand.atlassian.net/servicedesk/customer/portals,"{""xsrfToken"":""8fa6d5743809ce66542d86f4a814dfc6a0f7dfdb_lout"",""helpCenterBranding"":{""logoUrl"":""https://api.media.atlassian.com/file/c9bcde07-f989-417f-9594 ..."
Jira Service Management,https://pilotdelivers.atlassian.net/servicedesk/customer/portals,Enter your email to log in or sign up. Email address. Powered by Jira Service Management.
Digital Victoria Help Centre - Jira Service Management,https://digital-vic.atlassian.net/servicedesk/customer/portals,Digital Victoria Help Centre - Jira Service Management. Digital Victoria Help Centre. Log in.
Jira Service Management - outpost24.atlassian.net,https://outpost24.atlassian.net/servicedesk/customer/portals,"{""xsrfToken"":""03dfe5fb88af49bd1d4ee8b485e06784cb83bf12_lout"",""helpCenterBranding"":{""logoUrl"":""https://api.media.atlassian.com/file/8e65a851-15c6-4a2c-b6bd ..."
Jira Service Management - sendtech.atlassian.net,https://sendtech.atlassian.net/servicedesk/customer/portals,"{""xsrfToken"":""1faaef0c6510e1f00a373de2517a66b77e4aae35_lout"",""helpCenterBranding"":{""logoUrl"":""https://api.media.atlassian.com/file/cde80891-5427-4250-bab3 ..."
Jira Service Management - integrait.atlassian.net,https://integrait.atlassian.net/servicedesk/customer/portals,"{""xsrfToken"":""fd8e23d81b6b50e9d8f7e13a74417f2333d6e668_lout"",""helpCenterBranding"":{""logoUrl"":""https://api.media.atlassian.com/file/dae81806-15b6-4a52-9920 ..."
MIT Press Direct Support - Jira Service Management,https://mitpress.atlassian.net/servicedesk/customer/portals,MIT Press Direct Support - Jira Service Management. MIT Press Direct Support. Log in.
Jira Service Management,https://theschoollocker.atlassian.net/servicedesk/customer/portals,"{""xsrfToken"":""a6363591dffab77bcf1511002af45e20df3169d8_lout"",""helpCenterBranding"":{""logoUrl"":""https://api.media.atlassian.com/file/c54c928f-108d-4ea8-8137 ..."
Vodacom Mozambique - Jira Service Management,https://vodacommozambique.atlassian.net/servicedesk/customer/portals,"{""xsrfToken"":""3ac60c355912dd70835e4611a2e6f6208a328269_lout"",""helpCenterBranding"":{""logoUrl"":""https://api.media.atlassian.com/file/d94e1a58-3382-4c6e-ae67 ..."
Hoffmaster Help Desk - Jira Service Management,https://hoffmaster.atlassian.net/servicedesk/customer/portals,Hoffmaster Help Desk - Jira Service Management. Hoffmaster Help Desk. Log in.
Jira Service Management - Confluence,https://ntware.atlassian.net/servicedesk/customer/portals,Enter your email to log in or sign up. Email address. Powered by Jira Service Management.
Communications Service Desk - Jira Service Management,https://dpedigital.atlassian.net/servicedesk/customer/portals,"{""xsrfToken"":""607952bcd4618d1b5f58e4978f0d159493df64a6_lout"",""helpCenterBranding"":{""logoId"":"""",""isLogoAvailable"":false,""helpCenterTitle"":""Welcome to the DPE ..."
Maxion Knowledge - Jira Service Management,https://maxion.atlassian.net/servicedesk/customer/portals,"{""xsrfToken"":""2a40a00124c9d0f3eebdd72b3ba31084c57aab38_lout"",""helpCenterBranding"":{""logoUrl"":""https://api.media.atlassian.com/file/dab6191c-55f2-4540-a27f ..."
System Dashboard - CSP JIRA,https://servicedesk.eng.vmware.com/servicedesk/customer/portals,"VMware Service Desk is a portal for customers to access technical support, manage their cases, and find solutions for their issues. Whether you are a U.S. federal agency or a local business, you can get the help you need from VMware experts and resources."
Jira Service Management - spotinc.atlassian.net,https://spotinc.atlassian.net/servicedesk/customer/portals,Red Tech Support Home - Jira Service Management. Red Tech Support Home.
Jira Service Management - quintoandar.atlassian.net,https://quintoandar.atlassian.net/servicedesk/customer/portals,"{""xsrfToken"":""f2d3dba344f003b5d17a2ec5961c492c127b7b7d_lout"",""helpCenterBranding"":{""logoId"":"""",""isLogoAvailable"":false,""helpCenterTitle"":""Welcome to the Help Center ..."
RB.Digital - Jira Service Management,https://rb-digital.atlassian.net/servicedesk/customer/portals,"{""headless"":false,""tourEnabled"":false,""wacLink"":""https://www.atlassian.com/software/jira/service-desk/powered-by?utm_medium=jira-in-product&utm_source=jira_service ..."
Jira Service Management,https://mbalinsight.atlassian.net/servicedesk/customer/portals,"{""xsrfToken"":""fbf3fe4ac3e6935c5a5270930489dcf932873cf7_lout"",""helpCenterBranding"":{""logoUrl"":""https://api.media.atlassian.com/file/e9fa6296-4a74-4110-9301 ..."
Jira Service Management,https://soporte-ti.atlassian.net/servicedesk/customer/portals,Introduce tu correo electrónico para iniciar sesión o registrarte. Dirección de correo electrónico. Siguiente. Con la tecnología de Jira Service Management.
Jira Service Management,https://efacturacion.atlassian.net/servicedesk/customer/portals,Introduce tu correo electrónico para iniciar sesión o registrarte. Dirección de correo electrónico. Siguiente. Con la tecnología de Jira Service Management.
Jira Service Management,https://carreira.atlassian.net/servicedesk/customer/portals,Centro de Vagas - Jira Service Management. Centro de Vagas. Iniciar sessão.
Jira Service Management,https://agenceduservicecivique.atlassian.net/servicedesk/customer/portals,Centre de support - Jira Service Management. Centre de support. Connexion.
DELL Product Compliance - Jira Service Management,https://dellproductcompliance.atlassian.net/servicedesk/customer/portals,DELL Product Compliance - Jira Service Management. DELL Product Compliance.
Jira Service Management - tickets.atlassian.net,https://tickets.atlassian.net/servicedesk/customer/portals,"{""xsrfToken"":""079fd7c2ee2fef5a7b68bdf191f28950b53d367e_lout"",""helpCenterBranding"":{""logoUrl"":""https://api.media.atlassian.com/file/823b6f5c-0125-4d82-9a81 ..."
AASHTOWare BrM Support - Jira Service Management,https://bridgeware.atlassian.net/servicedesk/customer/portals,AASHTOWare BrM Support - Jira Service Management. AASHTOWare BrM Support. Log in.
Jira Service Management,https://atp-servicedesk.atlassian.net/servicedesk/customer/portals,Introduce tu correo electrónico para iniciar sesión o registrarte. Dirección de correo electrónico. Siguiente. Con la tecnología de Jira Service Management.
Jira Service Management - integra-helpdesk.atlassian.net,https://integra-helpdesk.atlassian.net/servicedesk/customer/portals,Enter your email to log in or sign up. Email address. Powered by Jira Service Management.
Cashalo Privacy Portal - Jira Service Management,https://cashalo-privacy.atlassian.net/servicedesk/customer/portals,"{""xsrfToken"":""c7fe894573a93970994995d40a62804c3ecff39b_lout"",""helpCenterBranding"":{""logoId"":"""",""isLogoAvailable"":false,""helpCenterTitle"":""Cashalo Privacy Portal ..."
Jira Service Management - clever-soft.atlassian.net,https://clever-soft.atlassian.net/servicedesk/customer/portals,Enter your email to log in or sign up. Email address. Powered by Jira Service Management.
Jira Service Management,https://british-airways-ndc-helpdesk.atlassian.net/servicedesk/customer/portals,"{""xsrfToken"":""026a08c696da726f85d604fa378556f5db60dd04_lout"",""helpCenterBranding"":{""logoUrl"":""https://api.media.atlassian.com/file/8e3bc0f5-e255-431a-ac9f ..."
Ricksoft Help Center - Jira Service Management,https://ricksoft-support.atlassian.net/servicedesk/customer/portals,"{""xsrfToken"":""6ab9452dc1c258df27ef54db95ba6c91a8bf54a0_lout"",""helpCenterBranding"":{""logoUrl"":""https://api.media.atlassian.com/file/a458556e-8b6a-440e-b624 ..."
Rolka Loube Service Portal - Jira Service Management,https://rolkaloube.atlassian.net/servicedesk/customer/portals,"{""xsrfToken"":""3b4cf8b81c027e0dd7819406c0adce9d9c0f7029_lout"",""helpCenterBranding"":{""logoId"":"""",""isLogoAvailable"":false,""helpCenterTitle"":""Welcome to the Rolka Loube ..."
ESCI Service Desk - Jira Service Management,https://esci-sd.atlassian.net/servicedesk/customer/portals,"{""xsrfToken"":""2d5220a1beb0c9a0bc5dde75f0f401866aa20b82_lout"",""helpCenterBranding"":{""logoUrl"":""https://api.media.atlassian.com/file/98c4838e-a12c-4687-b80f ..."
Jira Service Management,https://felician.atlassian.net/servicedesk/customer/portals,"{""xsrfToken"":""2ddf7d9c6c90749935e82fa9f35e2895d43841c5_lout"",""helpCenterBranding"":{""logoId"":"""",""isLogoAvailable"":false,""helpCenterTitle"":""Welcome to the Felician IT ..."
Jira Service Management,https://sparkpa.atlassian.net/servicedesk/customer/portals,"{""xsrfToken"":""868b7a8dce404c61b65c035397700b68c0aeb2e2_lout"",""helpCenterBranding"":{""logoUrl"":""https://api.media.atlassian.com/file/1b7c85c9-bc0e-47ba-b6a5 ..."
ESS - IT Service Desk Portal - Jira Service Management,https://esssoft.atlassian.net/servicedesk/customer/portals,ESS - IT Service Desk Portal - Jira Service Management. ESS - IT Service Desk Portal. Log in.
Jira Service Management,https://wiselausnir.atlassian.net/servicedesk/customer/portals,"{""xsrfToken"":""bbd58f67f73525c8ffb677d669a6d2f8cbc15d63_lout"",""helpCenterBranding"":{""logoUrl"":""https://api.media.atlassian.com/file/2614bc51-657b-49a5-842d ..."
Jira Service Management,https://aionnetwork.atlassian.net/servicedesk/customer/portals,"{""xsrfToken"":""d8eeb8ef0a85d5db714183893c472a55d285cc5c_lout"",""helpCenterBranding"":{""logoUrl"":""https://api.media.atlassian.com/file/58ff0999-e475-44cd-bed4 ..."
Jira Service Management,https://coenterprise.jira.com/servicedesk/customer/portals,Enter your email to log in or sign up. Email address. Powered by Jira Service Management.
Jira Service Management,https://swoopme.atlassian.net/servicedesk/customer/portals,"{""headless"":false,""tourEnabled"":false,""wacLink"":""https://www.atlassian.com/software/jira/service-desk/powered-by?utm_medium=jira-in-product&utm_source=jira_service ..."
Jira Service Management - Projects,https://leonsoftware.atlassian.net/servicedesk/customer/portals,"{""xsrfToken"":""accb41123cade7cb868e08d60a73ea70aa041d95_lout"",""helpCenterBranding"":{""logoUrl"":""https://api.media.atlassian.com/file/dbd57f53-eb8d-4db9-b142 ..."
Jira Service Management,https://gouvfr.atlassian.net/servicedesk/customer/portals,"{""xsrfToken"":""ba009a77977c6acd78f4cade5d77f35cafdf05f7_lout"",""helpCenterBranding"":{""logoUrl"":""https://api.media.atlassian.com/file/17074a5e-b892-45c5-9ca6 ..."
Presago Contact Hub - Jira Service Management,https://presago.atlassian.net/servicedesk/customer/portals,"{""xsrfToken"":""87e4beb616f6fe17041142823d773dc5bc046a74_lout"",""helpCenterBranding"":{""logoId"":"""",""isLogoAvailable"":false,""helpCenterTitle"":""Let's get in touch ..."
IP Fabric Help Center - Jira Service Management,https://ipfabric.atlassian.net/servicedesk/customer/portals,IP Fabric Help Center - Jira Service Management. IP Fabric Help Center.
Service Management - MikroTik,https://help.mikrotik.com/servicedesk/servicedesk/customer/portals,"{""tourEnabled"":false,""wacLink"":""https://www.atlassian.com/software/jira/service-management?utm_medium=jira-in-product&utm_source=jira_service_desk_portal_footer&utm ..."
Catapult Software Helpdesk - Jira Service Management,https://catapultsoftware.atlassian.net/servicedesk/customer/portals,"{""xsrfToken"":""8988c779fa7c4f2e8b31a3691319930a0149f536_lout"",""helpCenterBranding"":{""logoUrl"":""https://api.media.atlassian.com/file/c8100c62-14eb-41f7-8177 ..."
Jira Service Management - Projects,https://openpeppol.atlassian.net/servicedesk/customer/portals,"{""headless"":false,""tourEnabled"":false,""wacLink"":""https://www.atlassian.com/software/jira/service-desk/powered-by?utm_medium=jira-in-product&utm_source=jira_service ..."
Data443® Help Center - Jira Service Management,https://data443.atlassian.net/servicedesk/customer/portals,Data443® Help Center - Jira Service Management. Data443® Help Center. Log in.
Jira Service Management - isystems-group.atlassian.net,https://isystems-group.atlassian.net/servicedesk/customer/portals,"{""headless"":false,""tourEnabled"":false,""wacLink"":""https://www.atlassian.com/software/jira/service-desk/powered-by?utm_medium=jira-in-product&utm_source=jira_service ..."
Customer Portal - Jira Service Management,https://porthousedean.atlassian.net/servicedesk/customer/portals,"{""xsrfToken"":""f01ff54880e3a67a68de4dde307d6b1cf1e612c3_lout"",""helpCenterBranding"":{""logoUrl"":""https://api.media.atlassian.com/file/9d278d81-96ab-40a9-bc23 ..."
Jira Service Management - icampus21.atlassian.net,https://icampus21.atlassian.net/servicedesk/customer/portals,"{""headless"":false,""tourEnabled"":false,""wacLink"":""https://www.atlassian.com/software/jira/service-desk/powered-by?utm_medium=jira-in-product&utm_source=jira_service ..."
Catapult Software Helpdesk - Jira Service Management,https://catapultsoftware.atlassian.net/servicedesk/customer/portals,"{""xsrfToken"":""8988c779fa7c4f2e8b31a3691319930a0149f536_lout"",""helpCenterBranding"":{""logoUrl"":""https://api.media.atlassian.com/file/c8100c62-14eb-41f7-8177 ..."
Jira Service Management - foursquare.atlassian.net,https://foursquare.atlassian.net/servicedesk/customer/portals,"{""xsrfToken"":""46cb37fb3b82146fd5c5e5770e0907656d7750bb_lout"",""helpCenterBranding"":{""logoUrl"":""https://api.media.atlassian.com/file/fa1a77b8-b0e8-4a51-b2fb ..."
Jira Service Management - erpsupport.atlassian.net,https://erpsupport.atlassian.net/servicedesk/customer/portals,"{""xsrfToken"":""4cfe2d754c38ec81e5fc3932ccbaef0106778358_lout"",""helpCenterBranding"":{""logoId"":"""",""isLogoAvailable"":false,""helpCenterTitle"":""Welcome to ..."
B1NARY Support Portal - Jira Service Management,https://b1nary.atlassian.net/servicedesk/customer/portals,"{""xsrfToken"":""75d1468afd02774b88b0e8145325bdf173672e1f_lout"",""helpCenterBranding"":{""logoUrl"":""https://api.media.atlassian.com/file/53f3ca6f-863a-40a9-a88e ..."
AVS Managed Services Portal - Jira Service Management,https://avsquard.atlassian.net/servicedesk/customer/portals,AVS Managed Services Portal - Jira Service Management. AVS Managed Services Portal. Log in.
Service Management - Vueling,https://jira.vueling.com/servicedesk/customer/portals,"{""tourEnabled"":false,""wacLink"":""https://www.atlassian.com/software/jira/service-management?utm_medium=jira-in-product&utm_source=jira_service_desk_portal_footer&utm ..."
Jira Service Management,https://fintechblocks.atlassian.net/servicedesk/customer/portals,"{""xsrfToken"":""b9dbe4e8819b2be040d02d5545970d15f23cf099_lout"",""helpCenterBranding"":{""logoUrl"":""https://api.media.atlassian.com/file/46ae816f-aadc-4f38-91e6 ..."
Jira Service Management,https://bltelecoms.atlassian.net/servicedesk/customer/portals,"{""headless"":false,""tourEnabled"":false,""wacLink"":""https://www.atlassian.com/software/jira/service-desk/powered-by?utm_medium=jira-in-product&utm_source=jira_service ..."
Jira Service Management,https://georgiagov.atlassian.net/servicedesk/customer/portals,"{""xsrfToken"":""6eec7d061ce42cf12f500e5aae0f12b1b3b17791_lout"",""helpCenterBranding"":{""logoUrl"":""https://api.media.atlassian.com/file/5097d228-cba3-414f-9288 ..."
Jira Service Management - scada-international.atlassian.net,https://scada-international.atlassian.net/servicedesk/customer/portals,Enter your email to log in or sign up. Email address. Powered by Jira Service Management.
Connexion - Jira Service Management,https://mandoline.atlassian.net/servicedesk/customer/portals,Saisissez votre adresse e-mail pour vous connecter ou vous inscrire. Adresse e-mail. Suivant. Optimisé par Jira Service Management.
Dataton Helpdesk - Jira Service Management,https://dataton.atlassian.net/servicedesk/customer/portals,"{""xsrfToken"":""49f7d6089c9c84c039b1b89638050916037b8b2f_lout"",""helpCenterBranding"":{""logoUrl"":""https://api.media.atlassian.com/file/7e0fcabd-2598-431d-a519 ..."
Jira Service Management,https://noticeninja.atlassian.net/servicedesk/customer/portals,"{""headless"":false,""tourEnabled"":false,""wacLink"":""https://www.atlassian.com/software/jira/service-desk/powered-by?utm_medium=jira-in-product&utm_source=jira_service ..."
Jira Service Management,https://navitia.atlassian.net/servicedesk/customer/portals,"{""xsrfToken"":""6eb25d611414dea064c30675be36ade0f518b885_lout"",""helpCenterBranding"":{""logoUrl"":""https://api.media.atlassian.com/file/d816bd32-93e8-477b-8759 ..."
MAF Cloud Support Portal - Jira Service Management,https://mafint.atlassian.net/servicedesk/customer/portals,"{""xsrfToken"":""c23793efdc16aa62d1505798e4484333a0b3c157_lout"",""helpCenterBranding"":{""logoUrl"":""https://api.media.atlassian.com/file/87ca0088-7382-43c5-a3e5 ..."
ConnectSx Support - Jira Service Management,https://connectsx.atlassian.net/servicedesk/customer/portals,"{""xsrfToken"":""5bb71b732dfa6793f2c8cf272687204f0ba60c64_lout"",""helpCenterBranding"":{""logoUrl"":""https://api.media.atlassian.com/file/82e2abe7-4ce2-43f1-ac12 ..."
Jira Service Management,https://performance-recreation-velo.atlassian.net/servicedesk/customer/portals,"{""xsrfToken"":""5671582491902384ff21a009aec37abbdfda4a8c_lout"",""helpCenterBranding"":{""logoUrl"":""https://api.media.atlassian.com/file/87bf8f8d-6e08-4578-a1b1 ..."
Jira Service Management - youfit.atlassian.net,https://youfit.atlassian.net/servicedesk/customer/portals,"{""xsrfToken"":""847b1c5b3e7faaddde993871dd7c05cfca70ab73_lout"",""helpCenterBranding"":{""logoUrl"":""https://api.media.atlassian.com/file/4a8b98a4-94c7-47da-839b ..."
Jira Service Management - vc-assist.atlassian.net,https://vc-assist.atlassian.net/servicedesk/customer/portals,"{""xsrfToken"":""75b445403761f56bb977df555f21d2c1e5acb867_lout"",""helpCenterBranding"":{""logoId"":"""",""isLogoAvailable"":false,""helpCenterTitle"":""Welcome to the VC Assist ..."
/servicedesk/customer/portals [PDF] - www.theindependent.co,https://www.theindependent.co.zw/servicedesk/customer/portals,"/servicedesk/customer/portals upload Betty m Paterson 2/9 Downloaded from www.theindependent.co.zw on August 31, 2023 by Betty m Paterson Final Thoughts Page 96"
Jira Service Management,https://mpc-service.atlassian.net/servicedesk/customer/portals,"{""xsrfToken"":""a109dedc665f37eedd4bf0368c05bca4f31de3b0_lout"",""helpCenterBranding"":{""logoId"":"""",""isLogoAvailable"":false,""helpCenterTitle"":""Welcome to the Minor Planet ..."
Ricksoft Help Center - Jira Service Management,https://ricksoft-support.atlassian.net/servicedesk/customer/portals,"{""xsrfToken"":""6ab9452dc1c258df27ef54db95ba6c91a8bf54a0_lout"",""helpCenterBranding"":{""logoUrl"":""https://api.media.atlassian.com/file/a458556e-8b6a-440e-b624 ..."
Jira Service Management - emanageone.atlassian.net,https://emanageone.atlassian.net/servicedesk/customer/portals,"{""xsrfToken"":""7c81ea22b7502b6255bc521f0243aacaec84606c_lout"",""helpCenterBranding"":{""logoUrl"":""https://api.media.atlassian.com/file/0bc54353-054f-4a79-af20 ..."
Jira Service Management - Projects,https://openpeppol.atlassian.net/servicedesk/customer/portals,"{""headless"":false,""tourEnabled"":false,""wacLink"":""https://www.atlassian.com/software/jira/service-desk/powered-by?utm_medium=jira-in-product&utm_source=jira_service ..."
Jira Service Management,https://projetoroad.atlassian.net/servicedesk/customer/portals,"{""xsrfToken"":""23d442374d079f23aca7d210422e1167be59b2a8_lout"",""helpCenterBranding"":{""logoId"":"""",""isLogoAvailable"":false,""helpCenterTitle"":""Bem-vindo ao Projeto R.O.A.D ..."
Team Files Support - Jira Service Management,https://teamfiles.atlassian.net/servicedesk/customer/portals,"{""xsrfToken"":""15ce2dd127fe31b31c6f6759d61dff2853d09b53_lout"",""helpCenterBranding"":{""logoUrl"":""https://api.media.atlassian.com/file/c3270a0a-09bc-4f36-a8c2 ..."
Jira Service Management - enttec.atlassian.net,https://enttec.atlassian.net/servicedesk/customer/portals,"{""xsrfToken"":""fcafd4ac23f0f6e2062c7ad21007b85cae147332_lout"",""helpCenterBranding"":{""logoUrl"":""https://api.media.atlassian.com/file/d16705b1-4542-40b0-b50b ..."
Jira Service Management,https://aocresins.atlassian.net/servicedesk/customer/portals/,"{""xsrfToken"":""cd3d3972ea93d472ef9f3d04a3d18b4b3c89c334_lout"",""helpCenterBranding"":{""logoUrl"":""https://api.media.atlassian.com/file/a31e81e3-0bde-40e4-9a15 ..."
GLS Belgium Service Center - Jira Service Management,https://mygls.atlassian.net/servicedesk/customer/portals,GLS Belgium Service Center - Jira Service Management. GLS Belgium Service Center.
Jira Service Management - agile-innovations.atlassian.net,https://agile-innovations.atlassian.net/servicedesk/customer/portals,"{""xsrfToken"":""43ed97d53d80b5d74066892020a9164440932fff_lout"",""helpCenterBranding"":{""logoId"":"""",""isLogoAvailable"":false,""helpCenterTitle"":""Welcome to the Agile ..."
Service Management - NSF,https://help.nsf.org/jira/servicedesk/customer/portals,"{""tourEnabled"":false,""wacLink"":""https://www.atlassian.com/software/jira/service-management?utm_medium=jira-in-product&utm_source=jira_service_desk_portal_footer&utm ..."
Jira Service Management,https://noticeninja.atlassian.net/servicedesk/customer/portals,"{""headless"":false,""tourEnabled"":false,""wacLink"":""https://www.atlassian.com/software/jira/service-desk/powered-by?utm_medium=jira-in-product&utm_source=jira_service ..."
Novakid Portal - Jira Service Management,https://novakid.atlassian.net/servicedesk/customer/portals,"{""xsrfToken"":""94942b15ba4e7bd52dad3ff2dfd744193868364b_lout"",""helpCenterBranding"":{""logoId"":"""",""isLogoAvailable"":false,""helpCenterTitle"":""Welcome to Novakid ..."
Jira Service Management,https://georgiagov.atlassian.net/servicedesk/customer/portals,"{""xsrfToken"":""6eec7d061ce42cf12f500e5aae0f12b1b3b17791_lout"",""helpCenterBranding"":{""logoUrl"":""https://api.media.atlassian.com/file/5097d228-cba3-414f-9288 ..."
Jira Service Management - tt-annarbor.atlassian.net,https://tt-annarbor.atlassian.net/servicedesk/customer/portals,"{""headless"":false,""tourEnabled"":false,""wacLink"":""https://www.atlassian.com/software/jira/service-desk/powered-by?utm_medium=jira-in-product&utm_source=jira_service ..."
Service Management - Cineca,https://jira.u-gov.it/jira/servicedesk/customer/portals,"{""tourEnabled"":false,""wacLink"":""https://www.atlassian.com/software/jira/service-management?utm_medium=jira-in-product&utm_source=jira_service_desk_portal_footer&utm ..."
Jira Service Management,https://integrho.atlassian.net/servicedesk/customer/portals,Introduce tu correo electrónico para iniciar sesión o registrarte. Dirección de correo electrónico. Siguiente. Con la tecnología de Jira Service Management.
Entrar - Jira Service Management,https://atendimento-totvs.atlassian.net/servicedesk/customer/portals,Insira o e-mail para entrar ou se inscrever. Endereço de e-mail. Próximo. Desenvolvido por Jira Service Management.
Entrar - Jira Service Management,https://riachuelo.atlassian.net/servicedesk/customer/portals,Insira o e-mail para entrar ou se inscrever. Endereço de e-mail. Próximo. Desenvolvido por Jira Service Management.
Jira Service Management,https://soundunited.atlassian.net/servicedesk/customer/portals,Enter your email to log in or sign up. Email address. Powered by Jira Service Management.
Help Center - Jira Service Management - ver.atlassian.net,https://ver.atlassian.net/servicedesk/customer/portals,"{""headless"":false,""tourEnabled"":false,""wacLink"":""https://www.atlassian.com/software/jira/service-desk/powered-by?utm_medium=jira-in-product&utm_source=jira_service ..."
Jira Service Management - e-courier.atlassian.net,https://e-courier.atlassian.net/servicedesk/customer/portals,Enter your email to log in or sign up. Email address. Powered by Jira Service Management.
Jira Service Management,https://neoservicedesk.atlassian.net/servicedesk/customer/portals,Enter your email to log in or sign up. Email address. Next. Powered by Jira Service Management.
Entrar - Jira Service Management,https://cvccorp.atlassian.net/servicedesk/customer/portals,Insira o e-mail para entrar ou se inscrever. Endereço de e-mail. Próximo. Desenvolvido por Jira Service Management.
Jira Service Management - njdeptofhealth.atlassian.net,https://njdeptofhealth.atlassian.net/servicedesk/customer/portals,"{""headless"":false,""tourEnabled"":false,""wacLink"":""https://www.atlassian.com/software/jira/service-desk/powered-by?utm_medium=jira-in-product&utm_source=jira_service ..."
Service Desk SEA - Jira Service Management,https://sea.atlassian.net/servicedesk/customer/portals,Service Desk SEA - Jira Service Management. Service Desk SEA. Fazer login.
Digital Victoria Help Centre - Jira Service Management,https://digital-vic.atlassian.net/servicedesk/customer/portals,"{""xsrfToken"":""ba604cc71e6516b5b377e8c288df57656d139b95_lout"",""helpCenterBranding"":{""logoId"":"""",""isLogoAvailable"":false,""helpCenterTitle"":""Welcome to the Digital ..."
Callaway Brands Help Center - Jira Service Management,https://callawaybrands.atlassian.net/servicedesk/customer/portals,"{""xsrfToken"":""45006356586fa9e13faf1c805156faf1942027ca_lout"",""helpCenterBranding"":{""logoId"":"""",""isLogoAvailable"":false,""helpCenterTitle"":""Callaway Brands Corporate ..."
Jira Service Management - cg-support.atlassian.net,https://cg-support.atlassian.net/servicedesk/customer/portals,Caregiver Help Center - Jira Service Management. Caregiver Help Center.
Jira Service Management,https://mocssupport.atlassian.net/servicedesk/customer/portals,"{""xsrfToken"":""45a2a3f3013264e180d5ac6e3ffffe37ca3bd6e5_lout"",""helpCenterBranding"":{""logoId"":"""",""isLogoAvailable"":false,""helpCenterTitle"":""Welcome to the Help Center ..."
MIT Press Direct Support - Jira Service Management,https://mitpress.atlassian.net/servicedesk/customer/portals,MIT Press Direct Support - Jira Service Management. MIT Press Direct Support. Log in.
Jira Service Management - lumiohx.atlassian.net,https://lumiohx.atlassian.net/servicedesk/customer/portals,"{""xsrfToken"":""f546cbf485d829d60c1f68718b164748f532275a_lout"",""helpCenterBranding"":{""logoId"":"""",""isLogoAvailable"":false,""helpCenterTitle"":""Welcome to the Help Center ..."
Greenlane Service Desk - Jira Service Management,https://greenlane.atlassian.net/servicedesk/customer/portals,"{""xsrfToken"":""f79243930aea63b3de0abf1dc68a1c7c1df35ea9_lout"",""helpCenterBranding"":{""logoUrl"":""https://api.media.atlassian.com/file/9cfcf581-697c-4576-ba14 ..."
Jira Service Management,https://jcblivelink.atlassian.net/servicedesk/customer/portals,LiveLink Support Centre - Jira Service Management. LiveLink Support Centre. Log in.
Jira Service Management,https://diag.atlassian.net/servicedesk/customer/portals,"{""xsrfToken"":""4c535bf5758822e5d125cd436956785e3fb6fa7b_lout"",""helpCenterBranding"":{""logoUrl"":""https://api.media.atlassian.com/file/6b672d82-b78f-4605-b571 ..."
Jira Service Management - tennis-point.atlassian.net,https://tennis-point.atlassian.net/servicedesk/customer/portals,"Geben Sie Ihre E-Mail-Adresse ein, um sich einzuloggen oder zu registrieren. E-Mail-Adresse. Weiter. Unterstützt von Jira Service Management."
Jira Service Management - emma-sleep.atlassian.net,https://emma-sleep.atlassian.net/servicedesk/customer/portals,Enter your email to log in or sign up. Email address. Powered by Jira Service Management.
Jira Service Management - massmutual.atlassian.net,https://massmutual.atlassian.net/servicedesk/customer/portals,"{""xsrfToken"":""fdd406dace69801ff9c906bc59f50504a6c26903_lout"",""helpCenterBranding"":{""logoUrl"":""https://api.media.atlassian.com/file/3f167189-487d-4f73-9323 ..."
Samtrafiken helpdesk - Jira Service Management,https://samtrafiken.atlassian.net/servicedesk/customer/portals,"{""xsrfToken"":""eeab69fcf7f5df466401da2713a0b7250cfd8787_lout"",""helpCenterBranding"":{""logoUrl"":""https://api.media.atlassian.com/file/0a0608b5-43e6-42d0-b67e ..."
Jira Service Management,https://work-fusion.atlassian.net/servicedesk/customer/portals,"{""xsrfToken"":""861da20262be171103c3563041e7c7782b7fb21f_lout"",""helpCenterBranding"":{""logoUrl"":""https://api.media.atlassian.com/file/2b9dbf76-4cdf-4a0f-978e ..."
RCL - Jira Service Management,https://royalcaribbeancruiselines.atlassian.net/servicedesk/customer/portals,"{""xsrfToken"":""883537915d2c6616ee03645e2f229cea2bbc54bc_lout"",""helpCenterBranding"":{""logoUrl"":""https://api.media.atlassian.com/file/d17a5103-427e-4b76-b6c6 ..."
The Things Industries Support - Jira Service Management,https://thethingsindustries.atlassian.net/servicedesk/customer/portals,The Things Industries Support - Jira Service Management. The Things Industries Support.
MLS2 Service Desk - Jira Service Management,https://mls2support.atlassian.net/servicedesk/customer/portals,MLS2 Service Desk - Jira Service Management. MLS2 Service Desk. Log in.
Jira Service Management,https://enamine.atlassian.net/servicedesk/customer/portals,"{""xsrfToken"":""7a1c65382de1f6ca024f0e8511021496aa731f8e_lout"",""helpCenterBranding"":{""logoId"":"""",""isLogoAvailable"":false,""helpCenterTitle"":""."",""sharedPortalName"":""Help ..."
Jira Service Management - uac-cloud.atlassian.net,https://uac-cloud.atlassian.net/servicedesk/customer/portals,Enter your email to log in or sign up. Email address. Next. Powered by Jira Service Management.
Campus Virtual FCEFyN - Jira Service Management,https://campusvirtual.atlassian.net/servicedesk/customer/portals,Campus Virtual FCEFyN - Jira Service Management. Campus Virtual FCEFyN. Iniciar sesión.
Jira Service Management,https://suportddgi.atlassian.net/servicedesk/customer/portals,Introduce tu correo electrónico para iniciar sesión o registrarte. Dirección de correo electrónico. Siguiente. Con la tecnología de Jira Service Management.
Jira Service Management - DIO,https://digitalinnovationone.atlassian.net/servicedesk/customer/portals,"{""xsrfToken"":""7421a00108a4e2ba8cdc71702bef21b1ff825d9d_lout"",""helpCenterBranding"":{""logoUrl"":""https://api.media.atlassian.com/file/a0bb283c-d0f9-4240-b997 ..."
Jira Service Management - mariapps.atlassian.net,https://mariapps.atlassian.net/servicedesk/customer/portals,"{""xsrfToken"":""9f0402f87a275dd8fcff6074f910ff90a4b5ee00_lout"",""helpCenterBranding"":{""logoUrl"":""https://api.media.atlassian.com/file/27700ebe-35af-411b-81b9 ..."
Jira Service Management,https://priceindustries.atlassian.net/servicedesk/customer/portals,Enter your email to log in or sign up. Email address. Powered by Jira Service Management.
