Title,Link
mySDCCD Service Desk - Jira Service Management,https://mysdccd.atlassian.net/servicedesk/customer/portals
Help Center - Jira Service Management,https://weavatools.atlassian.net/servicedesk/customer/portals
NHED Help Desk - Jira Service Management,https://nhdoepm.atlassian.net/servicedesk/customer/portals
ESCI Service Desk,https://esci-sd.atlassian.net/servicedesk/customer/portals
Federal Judiciary Help Center - Jira Service Management,https://oscar-uscourts.atlassian.net/servicedesk/customer/portals
Help Center - Jira Service Management,https://openpeppol.atlassian.net/servicedesk/customer/portals
LEGO Education Support Portal - Jira Service Management,https://legoeducation.atlassian.net/servicedesk/customer/portals
Service Desk Home - Jira Service Management,https://nesdigital.atlassian.net/servicedesk/customer/portals
Pi Network Support Portal - Jira Service Management,https://pinetwork.atlassian.net/servicedesk/customer/portals
SARAO Science Service Desk - Jira Service Management,https://skaafrica.atlassian.net/servicedesk/customer/portals
DSGa Support - Jira Service Management,https://georgiagov.atlassian.net/servicedesk/customer/portals
MPC Help Center - Jira Service Management,https://mpc-service.atlassian.net/servicedesk/customer/portals
bootmod3 help center - Jira Service Management,https://bootmod3.atlassian.net/servicedesk/customer/portals
Support Center - Jira Service Management,https://foursquare.atlassian.net/servicedesk/customer/portals
VMware Discovery Support - Jira Service Management,https://vmware-hol.atlassian.net/servicedesk/customer/portals
DELL Product Compliance - Jira Service Management,https://dellproductcompliance.atlassian.net/servicedesk/customer/portals
Jira Service Management - CPR,https://cprservicedesk.atlassian.net/servicedesk/customer/portals
https://advantics.atlassian.net/servicedesk/customer/portals ...,https://advantics.fr/https-advantics-atlassian-net-servicedesk-customer-portals/
SNF Service Portal - Jira Service Management,https://snsf-ch.atlassian.net/servicedesk/customer/portals
DLT Labs Help Center - Jira Service Management,https://dltlabs.atlassian.net/servicedesk/customer/portals
RCL - Jira Service Management,https://royalcaribbeancruiselines.atlassian.net/servicedesk/customer/portals
UNIC Service Desk - Jira Service Management,https://unicit.atlassian.net/servicedesk/customer/portals
Jira Service Management - Ohio Christian University,https://ohiochristian.atlassian.net/servicedesk/customer/portals
Fantasy Grounds Customer Support,https://fantasygroundsunity.atlassian.net/servicedesk/customer/portals
University of Utah CTSI - Jira Service Management,https://utahctsi.atlassian.net/servicedesk/customer/portals
AMC IT Service Desk - Jira Service Management,https://amerisave.atlassian.net/servicedesk/customer/portals
Churchill College Help Center - Jira Service Management,https://churchillcollege.atlassian.net/servicedesk/customer/portals
Help Center - Jira Service Management,https://nemsis.atlassian.net/servicedesk/customer/portals
MLS2 Service Desk - Jira Service Management,https://mls2support.atlassian.net/servicedesk/customer/portals
Spectro Cloud Help Center - Jira Service Management,https://spectrocloud.atlassian.net/servicedesk/customer/portals
SBG Support - Jira Service Management,https://sbgsportssoftware.atlassian.net/servicedesk/customer/portals
OCSC Help Center - Jira Service Management,https://ocsuperiorcourt.atlassian.net/servicedesk/customer/portals
Tormach Inc. - Jira Service Management,https://tormach.atlassian.net/servicedesk/customer/portals
Customer Portal - Jira Service Management,https://act-health.atlassian.net/servicedesk/customer/portals
WVU IT Help Center - Jira Service Management,https://wvu.atlassian.net/servicedesk/customer/portals
Help Center - Jira Service Management,https://sotaxgroup.atlassian.net/servicedesk/customer/portals
Help Center - Jira Service Management,https://loyalfoundry.atlassian.net/servicedesk/customer/portals
Avisi App Support - Jira Service Management,https://avisi-support.atlassian.net/servicedesk/customer/portals
BESA Communication Center - Jira Service Management,https://besagmbh.atlassian.net/servicedesk/customer/portals
Help Center - Jira Service Management,https://ctdotcompass.atlassian.net/servicedesk/customer/portals
JBI Help Desk - Jira Service Management,https://jbi-global.atlassian.net/servicedesk/customer/portals
AXISVM Support Center - Jira Service Management,https://axisvm.atlassian.net/servicedesk/customer/portals
ACEN Portals - Jira Service Management,https://acenursing.atlassian.net/servicedesk/customer/portals
IP Fabric Help Center - Jira Service Management,https://ipfabric.atlassian.net/servicedesk/customer/portals
Veson Nautical Support - Jira Service Management,https://vesonjira.atlassian.net/servicedesk/customer/portals
Campus Cafe Support - Jira Service Management,https://campuscafesoftware.atlassian.net/servicedesk/customer/portals
Support Desk - Jira Service Management,https://itential.atlassian.net/servicedesk/customer/portals
AASHTOWare BrM Support - Jira Service Management,https://bridgeware.atlassian.net/servicedesk/customer/portals
Home - Jira Service Management,https://dimagi-dev.atlassian.net/servicedesk/customer/portals
PSU Help Center - Jira Service Management,https://portlandstate.atlassian.net/servicedesk/customer/portals
PSU Help Center - Jira Service Management,https://portlandstate.atlassian.net/servicedesk/customer/portals
Opera Help Center - Jira Service Management,https://opera.atlassian.net/servicedesk/customer/portals
Cambrionix Support Desk - Jira Service Management,https://cambrionix.atlassian.net/servicedesk/customer/portals
Help Center - Jira Service Management,https://usfjira.atlassian.net/servicedesk/customer/portals
Jira Customer Portal,https://jira.som.yale.edu/servicedesk/customer/portals
Support - Jira Service Management,https://zutec.atlassian.net/servicedesk/customer/portals
SBA Certify Help Center - Jira Service Management,https://sbaone.atlassian.net/servicedesk/customer/portals
Virtual Help Centre - Jira Service Management,https://apiit.atlassian.net/servicedesk/customer/portals
Cardano Fraud Detection Bureau - Jira Service Management,https://cfdb.atlassian.net/servicedesk/customer/portals
Qotilabs Help Center - Jira Service Management,https://qotilabs.atlassian.net/servicedesk/customer/portals
Service Desk,https://msjira.morningstar.com/servicedesk/customer/portals
Red Arc Service Desk - Jira Service Management,https://redarc.atlassian.net/servicedesk/customer/portals
Application Portal - Jira Service Management,https://ugeduge.atlassian.net/servicedesk/customer/portals
UCSF Health Marketing Portal - Jira Service Management,https://ucsfhealthweb.atlassian.net/servicedesk/customer/portals
DevSamurai - Jira Service Management,https://devsamurai.atlassian.net/servicedesk/customer/portals
Rolka Loube Service Portal - Jira Service Management,https://rolkaloube.atlassian.net/servicedesk/customer/portals
Customer Help Portal - Jira Service Management,https://openpath.atlassian.net/servicedesk/customer/portals
Okapya Help Center - Jira Service Management,https://okapya.atlassian.net/servicedesk/customer/portals
Team Files Support - Jira Service Management,https://teamfiles.atlassian.net/servicedesk/customer/portals
Help Center - Jira Service Management,https://corestrengths.atlassian.net/servicedesk/customer/portals
